,name,pdf_url
0,open_access/34335744,https://doi.org/10.1155/2021/3984463
1,open_access/34297944,nan
2,open_access/34288963,https://journals.plos.org/plosone/article/file?id=10.1371/journal.pone.0254976&type=printable
3,open_access/34290286,https://www.nature.com/articles/s41598-021-92864-y.pdf
4,open_access/34288951,https://journals.plos.org/plosone/article/file?id=10.1371/journal.pone.0254950&type=printable
5,open_access/34298156,nan
6,open_access/34290333,https://www.nature.com/articles/s41598-021-94362-7.pdf
7,open_access/34354949,https://www.frontiersin.org/articles/10.3389/fonc.2021.700343/pdf
8,open_access/34298143,nan
9,open_access/34250754,https://onlinelibrary.wiley.com/doi/pdfdirect/10.1002/epi4.12520
10,open_access/34359385,https://www.mdpi.com/2075-4418/11/7/1299/pdf
11,open_access/34301476,nan
12,open_access/34350848,nan
13,open_access/34332347,http://arxiv.org/pdf/2102.12191
14,open_access/34300667,https://www.mdpi.com/1424-8220/21/14/4928/pdf
15,open_access/34282889,nan
16,open_access/34429791,https://www.termedia.pl/Journal/-126/pdf-44885-10?filename=Non-invasive.pdf
17,open_access/34293465,https://doi.org/10.1016/j.neuroimage.2021.118409
18,open_access/34381322,https://downloads.hindawi.com/journals/cmmi/2021/7598613.pdf
19,open_access/34284765,https://bmcmedinformdecismak.biomedcentral.com/track/pdf/10.1186/s12911-021-01583-x
20,open_access/34493478,nan
21,open_access/34335865,https://downloads.hindawi.com/journals/cmmm/2021/7259414.pdf
22,open_access/34354733,https://www.frontiersin.org/articles/10.3389/fgene.2021.661109/pdf
23,open_access/34316330,https://www.oncotarget.com/article/28022/pdf/
24,open_access/34252029,https://ieeexplore.ieee.org/ielx7/7333/4359219/09481100.pdf
25,open_access/34129688,nan
26,open_access/34336164,https://downloads.hindawi.com/journals/jhe/2021/6761364.pdf
27,open_access/34377105,https://downloads.hindawi.com/journals/cmmi/2021/9668836.pdf
28,open_access/34285324,https://www.nature.com/articles/s41598-021-94347-6.pdf
29,open_access/34286375,https://link.springer.com/content/pdf/10.1007/s00330-021-08132-0.pdf
30,open_access/34348858,https://doi.org/10.1016/j.bjorl.2021.06.002
31,open_access/34300672,https://www.mdpi.com/1424-8220/21/14/4926/pdf
32,open_access/34283883,https://journals.plos.org/plosone/article/file?id=10.1371/journal.pone.0254997&type=printable
33,open_access/34231244,nan
34,open_access/34284747,https://bmcpsychiatry.biomedcentral.com/track/pdf/10.1186/s12888-021-03373-1
35,open_access/34298373,http://www.ejcancer.com/article/S095980492100335X/pdf
36,open_access/34336162,https://downloads.hindawi.com/journals/jhe/2021/6472440.pdf
37,open_access/34283036,https://medinform.jmir.org/2021/7/e29226/PDF
38,open_access/34282632,nan
39,open_access/34214211,nan
40,open_access/34105165,nan
41,open_access/34285309,https://www.nature.com/articles/s41598-021-94305-2.pdf
42,open_access/34354943,https://www.frontiersin.org/articles/10.3389/fonc.2021.679764/pdf
43,open_access/34279719,nan
44,open_access/33290209,nan
45,open_access/34349618,https://www.frontiersin.org/articles/10.3389/fnins.2021.692575/pdf
46,open_access/34305440,https://link.springer.com/content/pdf/10.1007/s11042-021-11192-5.pdf
47,open_access/34350220,https://www.frontiersin.org/articles/10.3389/fcvm.2021.697737/pdf
48,open_access/34282208,https://www.nature.com/articles/s41598-021-94007-9.pdf
49,open_access/34513238,https://doi.org/10.1364/boe.430467
50,open_access/34282605,https://doi.org/10.3346/jkms.2021.36.e187
51,open_access/34279815,https://link.springer.com/content/pdf/10.1007/s15010-021-01656-z.pdf
52,open_access/34350211,https://www.frontiersin.org/articles/10.3389/fmolb.2021.698334/pdf
53,open_access/34282538,nan
54,open_access/34293685,https://doi.org/10.1016/j.tranon.2021.101183
55,open_access/34364092,nan
56,open_access/34298828,https://www.mdpi.com/2072-6694/13/14/3616/pdf
57,open_access/34280224,https://journals.plos.org/plosone/article/file?id=10.1371/journal.pone.0254704&type=printable
58,open_access/34765323,https://ieeexplore.ieee.org/ielx7/6221039/9246949/09490248.pdf
59,open_access/34298824,https://www.mdpi.com/2072-6694/13/14/3611/pdf
60,open_access/34765324,https://ieeexplore.ieee.org/ielx7/6221039/9246949/09490258.pdf
61,open_access/34356289,https://www.mdpi.com/2227-9032/9/7/911/pdf
62,open_access/34181581,nan
63,open_access/34282236,https://www.nature.com/articles/s41598-021-94243-z.pdf
64,open_access/34325148,https://doi.org/10.1016/j.media.2021.102184
65,open_access/34245106,nan
66,open_access/34284118,nan
67,open_access/34275203,nan
68,open_access/34275469,https://biodatamining.biomedcentral.com/track/pdf/10.1186/s13040-021-00265-8
69,open_access/34275163,nan
70,open_access/34300076,https://www.mdpi.com/1660-4601/18/14/7625/pdf
71,open_access/34300086,https://www.mdpi.com/1660-4601/18/14/7635/pdf
72,open_access/34275140,nan
73,open_access/34458682,https://doi.org/10.2196/26769
74,open_access/34311421,http://arxiv.org/pdf/1912.02620
75,open_access/34298806,https://www.mdpi.com/2072-6694/13/14/3593/pdf
76,open_access/34335727,https://downloads.hindawi.com/journals/cin/2021/9651957.pdf
77,open_access/34298796,https://www.mdpi.com/2072-6694/13/14/3583/pdf
78,open_access/34403873,nan
79,open_access/34326994,https://doi.org/10.7189/jogh.11.04044
80,open_access/34280545,nan
81,open_access/34340198,nan
82,open_access/34283982,nan
83,open_access/34272934,https://onlinelibrary.wiley.com/doi/pdfdirect/10.1002/advs.202101129
84,open_access/34305439,https://link.springer.com/content/pdf/10.1007/s11063-021-10578-8.pdf
85,open_access/33826769,nan
86,open_access/35003541,nan
87,open_access/34325378,nan
88,open_access/34273052,nan
89,open_access/34273039,nan
90,open_access/34412835,nan
91,open_access/34326868,https://downloads.hindawi.com/journals/cin/2021/5396327.pdf
92,open_access/34359366,https://www.mdpi.com/2075-4418/11/7/1280/pdf
93,open_access/34278972,nan
94,open_access/34336889,https://www.frontiersin.org/articles/10.3389/fmed.2021.682843/pdf
95,open_access/34336900,https://www.frontiersin.org/articles/10.3389/fmed.2021.696305/pdf
96,open_access/34335231,https://www.frontiersin.org/articles/10.3389/fnagi.2021.692865/pdf
97,open_access/34304084,https://doi.org/10.1016/j.jad.2021.07.040
98,open_access/33201806,http://spiral.imperial.ac.uk/bitstream/10044/1/91401/2/TBME-01419-2020-R1-preprint.pdf.pdf
99,open_access/34269759,nan
100,open_access/34326869,https://downloads.hindawi.com/journals/cin/2021/6078524.pdf
101,open_access/34198276,nan
102,open_access/34280546,https://doi.org/10.1016/j.gpb.2020.06.026
103,open_access/34447874,https://doi.org/10.1055/a-1490-8960
104,open_access/34336963,https://www.frontiersin.org/articles/10.3389/fcvm.2021.709904/pdf
105,open_access/34337394,https://www.frontiersin.org/articles/10.3389/frai.2021.694815/pdf
106,open_access/33259292,nan
107,open_access/34337396,https://www.frontiersin.org/articles/10.3389/fdata.2021.568352/pdf
108,open_access/34304043,nan
109,open_access/33275575,http://arxiv.org/pdf/2008.02228
110,open_access/34272413,https://www.nature.com/articles/s41598-021-93905-2.pdf
111,open_access/34300597,https://www.mdpi.com/1424-8220/21/14/4854/pdf
112,open_access/34356365,https://www.mdpi.com/2076-3921/10/7/1132/pdf
113,open_access/34350115,https://www.frontiersin.org/articles/10.3389/fonc.2021.686875/pdf
114,open_access/34009128,https://www.jmir.org/2021/7/e22021/PDF
115,open_access/33275573,https://infoscience.epfl.ch/record/282063/files/TBME_Epilepsy_GAN.pdf
116,open_access/34275655,nan
117,open_access/34280779,http://www.thelancet.com/article/S2352396421002851/pdf
118,open_access/34336826,https://www.frontiersin.org/articles/10.3389/fcell.2021.661105/pdf
119,open_access/34359365,https://www.mdpi.com/2075-4418/11/7/1281/pdf
120,open_access/34192686,nan
121,open_access/34300591,https://www.mdpi.com/1424-8220/21/14/4853/pdf
122,open_access/34270780,nan
123,open_access/34388507,nan
124,open_access/34269683,https://medinform.jmir.org/2021/7/e28754/PDF
125,open_access/34264351,nan
126,open_access/34365038,http://www.clinicalnutritionjournal.com/article/S0261561421003216/pdf
127,open_access/34265208,nan
128,open_access/34377246,nan
129,open_access/34349837,https://journals.sagepub.com/doi/pdf/10.1177/17562864211029551
130,open_access/34267327,https://www.nature.com/articles/s42003-021-02393-7.pdf
131,open_access/34303888,https://doi.org/10.1016/j.media.2021.102180
132,open_access/34265012,https://journals.plos.org/plosone/article/file?id=10.1371/journal.pone.0254795&type=printable
133,open_access/34266866,nan
134,open_access/34368767,https://downloads.spj.sciencemag.org/research/2021/9759601.pdf
135,open_access/34704025,https://academic.oup.com/braincomms/advance-article-pdf/doi/10.1093/braincomms/fcab144/39039050/fcab144.pdf
136,open_access/34300572,https://www.mdpi.com/1424-8220/21/14/4833/pdf
137,open_access/34356270,https://www.mdpi.com/2227-9032/9/7/891/pdf
138,open_access/34268728,https://onlinelibrary.wiley.com/doi/pdfdirect/10.1111/epi.16967
139,open_access/34274342,https://doi.org/10.1016/j.cca.2021.07.015
140,open_access/34264157,nan
141,open_access/34326979,https://downloads.hindawi.com/journals/jhe/2021/8113403.pdf
142,open_access/34266391,https://bmcmedimaging.biomedcentral.com/track/pdf/10.1186/s12880-021-00640-1
143,open_access/34266992,nan
144,open_access/34264004,https://onlinelibrary.wiley.com/doi/pdfdirect/10.1002/brb3.2238
145,open_access/34335457,https://www.frontiersin.org/articles/10.3389/fneur.2021.704060/pdf
146,open_access/34267261,https://www.nature.com/articles/s41598-021-93783-8.pdf
147,open_access/34300578,https://www.mdpi.com/1424-8220/21/14/4838/pdf
148,open_access/34267331,nan
149,open_access/34335689,https://www.frontiersin.org/articles/10.3389/fgene.2021.680617/pdf
150,open_access/34306240,https://link.springer.com/content/pdf/10.1007/s12559-021-09915-9.pdf
151,open_access/34336754,https://www.frontiersin.org/articles/10.3389/fpubh.2021.642895/pdf
152,open_access/34386617,http://www.cell.com/article/S2405844021016807/pdf
153,open_access/34336661,https://www.frontiersin.org/articles/10.3389/fonc.2021.669437/pdf
154,open_access/34335479,https://www.frontiersin.org/articles/10.3389/fendo.2021.713592/pdf
155,open_access/34300266,https://www.mdpi.com/2077-0383/10/14/3100/pdf
156,open_access/34336000,https://downloads.hindawi.com/journals/bn/2021/3359103.pdf
157,open_access/34259005,nan
158,open_access/34259544,nan
159,open_access/34617028,https://pubs.rsna.org/doi/pdf/10.1148/ryai.2021200279
160,open_access/34276114,https://doi.org/10.1016/j.patrec.2021.06.021
161,open_access/34617022,https://europepmc.org/articles/pmc8489464?pdf=render
162,open_access/34322593,https://doi.org/10.7717/peerj-cs.622
163,open_access/34354553,https://downloads.hindawi.com/journals/cmmi/2021/5294379.pdf
164,open_access/34271146,nan
165,open_access/34335444,https://www.frontiersin.org/articles/10.3389/fneur.2021.669076/pdf
166,open_access/34261540,https://genomemedicine.biomedcentral.com/track/pdf/10.1186/s13073-021-00930-x
167,open_access/34262112,https://www.nature.com/articles/s41746-021-00479-4.pdf
168,open_access/34261663,nan
169,open_access/34345639,https://doi.org/10.1016/j.dib.2021.107264
170,open_access/34336808,https://www.frontiersin.org/articles/10.3389/fbioe.2021.696251/pdf
171,open_access/34260616,https://journals.plos.org/plosone/article/file?id=10.1371/journal.pone.0253340&type=printable
172,open_access/34259974,nan
173,open_access/34336652,https://www.frontiersin.org/articles/10.3389/fonc.2021.653863/pdf
174,open_access/34359346,https://www.mdpi.com/2075-4418/11/7/1263/pdf
175,open_access/34354551,https://downloads.hindawi.com/journals/cmmi/2021/4080305.pdf
176,open_access/34133814,https://doi.org/10.1111/bju.15515
177,open_access/34259591,https://journals.sagepub.com/doi/pdf/10.1177/13524585211029860
178,open_access/34259870,nan
179,open_access/34260593,https://journals.plos.org/plosone/article/file?id=10.1371/journal.pone.0253988&type=printable
180,open_access/34262117,https://www.nature.com/articles/s41746-021-00481-w.pdf
181,open_access/34271159,https://doi.org/10.1016/j.neuroimage.2021.118388
182,open_access/34262114,https://www.nature.com/articles/s41746-021-00480-x.pdf
183,open_access/34262088,https://www.nature.com/articles/s41598-021-93792-7.pdf
184,open_access/34261147,nan
185,open_access/34262079,https://www.nature.com/articles/s41598-021-93804-6.pdf
186,open_access/34335294,https://www.frontiersin.org/articles/10.3389/fphys.2021.684149/pdf
187,open_access/34259921,nan
188,open_access/34300541,https://www.mdpi.com/1424-8220/21/14/4802/pdf
189,open_access/34260415,nan
190,open_access/34261486,https://bmcmedinformdecismak.biomedcentral.com/track/pdf/10.1186/s12911-021-01571-1
191,open_access/34337155,https://bmjophth.bmj.com/content/bmjophth/6/1/e000824.full.pdf
192,open_access/34198284,nan
193,open_access/34298474,nan
194,open_access/34233382,nan
195,open_access/34255175,nan
196,open_access/34359337,https://www.ncbi.nlm.nih.gov/pmc/articles/PMC8307337
197,open_access/34256799,https://jneuroengrehab.biomedcentral.com/track/pdf/10.1186/s12984-021-00894-4
198,open_access/34255206,https://hal.archives-ouvertes.fr/hal-03408526/file/MRMP_nemeth_HAL.pdf
199,open_access/34271025,nan
200,open_access/34265329,nan
201,open_access/34254170,nan
202,open_access/34300509,https://ulir.ul.ie/bitstream/10344/10425/2/Ader_2021_Unsupervised.pdf
203,open_access/34621657,https://doi.org/10.5624/isd.20210077
204,open_access/34327181,https://www.frontiersin.org/articles/10.3389/fped.2021.689190/pdf
205,open_access/34278312,https://doi.org/10.1097/cce.0000000000000476
206,open_access/34300525,https://www.ncbi.nlm.nih.gov/pmc/articles/PMC8309811
207,open_access/34327133,https://www.frontiersin.org/articles/10.3389/fonc.2021.638262/pdf
208,open_access/34315065,nan
209,open_access/34265424,https://doi.org/10.1016/j.nbd.2021.105444
210,open_access/34255161,https://link.springer.com/content/pdf/10.1007/s00330-021-08151-x.pdf
211,open_access/34336149,https://downloads.hindawi.com/journals/jhe/2021/1579746.pdf
212,open_access/34256808,https://ojrd.biomedcentral.com/track/pdf/10.1186/s13023-021-01936-9
213,open_access/34255197,https://braininformatics.springeropen.com/track/pdf/10.1186/s40708-021-00133-5
214,open_access/34255681,https://www.jmir.org/2021/7/e27822/PDF
215,open_access/34335726,https://doi.org/10.1155/2021/9523039
216,open_access/34255160,https://link.springer.com/content/pdf/10.1007/s00330-021-08126-y.pdf
217,open_access/34290908,https://www.tandfonline.com/doi/pdf/10.1080/2162402X.2021.1947665?needAccess=true
218,open_access/34326805,https://www.frontiersin.org/articles/10.3389/fneur.2021.649521/pdf
219,open_access/34327145,https://www.frontiersin.org/articles/10.3389/fonc.2021.709077/pdf
220,open_access/34276263,https://doi.org/10.1016/j.asoc.2021.107692
221,open_access/34327210,https://www.frontiersin.org/articles/10.3389/fsurg.2021.634629/pdf
222,open_access/34293536,https://doi.org/10.1016/j.media.2021.102161
223,open_access/34384696,nan
224,open_access/34254540,nan
225,open_access/34270966,http://journal.chestnet.org/article/S001236922101326X/pdf
226,open_access/34276971,https://link.springer.com/content/pdf/10.1007/s13755-021-00159-3.pdf
227,open_access/34346318,nan
228,open_access/34253839,https://www.nature.com/articles/s41598-021-93851-z.pdf
229,open_access/34300504,https://www.mdpi.com/1424-8220/21/14/4764/pdf
230,open_access/34253751,https://www.nature.com/articles/s41598-021-93608-8.pdf
231,open_access/34133280,https://ieeexplore.ieee.org/ielx7/7333/9363468/09456857.pdf
232,open_access/34253767,https://www.nature.com/articles/s41598-021-93202-y.pdf
233,open_access/34350068,https://ieeexplore.ieee.org/ielx7/6221039/6563131/09481089.pdf
234,open_access/34322006,https://www.frontiersin.org/articles/10.3389/fnagi.2021.661514/pdf
235,open_access/34253184,https://bmcemergmed.biomedcentral.com/track/pdf/10.1186/s12873-021-00475-7
236,open_access/34251603,nan
237,open_access/34321991,https://www.frontiersin.org/articles/10.3389/fnins.2021.573194/pdf
238,open_access/34321995,https://www.frontiersin.org/articles/10.3389/fnins.2021.691244/pdf
239,open_access/34253769,https://www.nature.com/articles/s41598-021-92776-x.pdf
240,open_access/34322388,https://www.frontiersin.org/articles/10.3389/fonc.2021.687127/pdf
241,open_access/34255661,https://www.jmir.org/2021/7/e26151/PDF
242,open_access/34254199,nan
243,open_access/34265451,nan
244,open_access/34280775,https://doi.org/10.1016/j.compbiomed.2021.104648
245,open_access/34254200,http://arxiv.org/pdf/2006.01693
246,open_access/34254225,nan
247,open_access/34181583,nan
248,open_access/34453326,nan
249,open_access/34252149,https://journals.plos.org/plosone/article/file?id=10.1371/journal.pone.0254368&type=printable
250,open_access/34322084,https://www.frontiersin.org/articles/10.3389/fneur.2021.691057/pdf
251,open_access/34322526,https://www.frontiersin.org/articles/10.3389/fcvm.2021.675431/pdf
252,open_access/34253196,https://bmcmedinformdecismak.biomedcentral.com/track/pdf/10.1186/s12911-021-01574-y
253,open_access/34253750,https://www.nature.com/articles/s41598-021-92692-0.pdf
254,open_access/34251162,https://www.pagepressjournals.org/index.php/bam/article/download/9929/9484
255,open_access/34322068,https://www.frontiersin.org/articles/10.3389/fpsyg.2021.696770/pdf
256,open_access/34255713,https://jmir.org/api/download?alt_name=mhealth_v9i7e26540_app1.pdf&filename=ae7f7116bbfe1e08e5c9e60d10f0c1af.pdf
257,open_access/34359329,https://www.mdpi.com/2075-4418/11/7/1246/pdf
258,open_access/34888528,https://doi.org/10.1038/s43587-021-00082-y
259,open_access/34597264,nan
260,open_access/34254471,https://doi.org/10.3346/jkms.2021.36.e175
261,open_access/34253228,https://ccforum.biomedcentral.com/track/pdf/10.1186/s13054-021-03682-7
262,open_access/34252112,https://journals.plos.org/plosone/article/file?id=10.1371/journal.pone.0253764&type=printable
263,open_access/34300501,https://www.mdpi.com/1424-8220/21/14/4761/pdf
264,open_access/34253799,https://www.nature.com/articles/s41598-021-93632-8.pdf
265,open_access/34253822,https://www.nature.com/articles/s41598-021-93832-2.pdf
266,open_access/34091925,http://arxiv.org/pdf/2101.04854
267,open_access/34101855,nan
268,open_access/34315623,nan
269,open_access/34250557,nan
270,open_access/34303892,https://doi.org/10.1016/j.media.2021.102159
271,open_access/34246271,https://bmcendocrdisord.biomedcentral.com/track/pdf/10.1186/s12902-021-00809-3
272,open_access/34145974,nan
273,open_access/34101845,nan
274,open_access/34271407,https://hal.archives-ouvertes.fr/hal-03412893/file/Xu_CompBiolMed_pub.pdf
275,open_access/34298236,nan
276,open_access/34256948,nan
277,open_access/34252532,nan
278,open_access/34250715,https://onlinelibrary.wiley.com/doi/pdfdirect/10.1002/acm2.13350
279,open_access/34251911,https://doi.org/10.1080/21678421.2021.1927102
280,open_access/34330603,nan
281,open_access/34245310,nan
282,open_access/34245203,nan
283,open_access/34247529,https://journals.sagepub.com/doi/pdf/10.1177/09544119211028380
284,open_access/33704792,https://onlinelibrary.wiley.com/doi/pdfdirect/10.1002/mp.14834
285,open_access/34244880,nan
286,open_access/34263624,https://apm.amegroups.com/article/viewFile/74038/pdf
287,open_access/34117783,https://onlinelibrary.wiley.com/doi/pdfdirect/10.1002/mp.15044
288,open_access/34274609,https://doi.org/10.1016/j.cmpb.2021.106275
289,open_access/34243703,https://bmcmedimaging.biomedcentral.com/track/pdf/10.1186/s12880-021-00639-8
290,open_access/34244879,https://link.springer.com/content/pdf/10.1007/s10278-021-00472-z.pdf
291,open_access/34241708,nan
292,open_access/34242325,https://journals.plos.org/plosone/article/file?id=10.1371/journal.pone.0254108&type=printable
293,open_access/34298668,https://www.mdpi.com/2072-6694/13/14/3450/pdf
294,open_access/34257953,https://link.springer.com/content/pdf/10.1007/s13755-021-00154-8.pdf
295,open_access/34307314,https://www.frontiersin.org/articles/10.3389/fbioe.2021.615090/pdf
296,open_access/34253482,nan
297,open_access/34335861,https://downloads.hindawi.com/journals/cmmm/2021/4602465.pdf
298,open_access/34240783,https://onlinelibrary.wiley.com/doi/pdfdirect/10.1002/hbm.25565
299,open_access/34246751,nan
300,open_access/34240748,https://onlinelibrary.wiley.com/doi/pdfdirect/10.1111/epi.16990
301,open_access/34305681,https://www.frontiersin.org/articles/10.3389/fpsyt.2021.684406/pdf
302,open_access/34252452,https://doi.org/10.1016/j.bjane.2021.06.016
303,open_access/34244563,https://www.nature.com/articles/s41598-021-93719-2.pdf
304,open_access/34244208,https://bjo.bmj.com/content/bjophthalmol/early/2021/07/08/bjophthalmol-2021-318866.full.pdf
305,open_access/34268522,https://www.medrxiv.org/content/medrxiv/early/2021/07/09/2021.07.07.21259699.full.pdf
306,open_access/34300453,https://www.mdpi.com/1424-8220/21/14/4713/pdf
307,open_access/34245019,nan
308,open_access/34299797,https://www.mdpi.com/1660-4601/18/14/7346/pdf
309,open_access/34081611,https://www.jmir.org/2021/7/e29514/PDF
310,open_access/34306597,https://downloads.hindawi.com/journals/jhe/2021/6663884.pdf
311,open_access/34305880,https://www.frontiersin.org/articles/10.3389/fmicb.2021.711244/pdf
312,open_access/34241807,https://link.springer.com/content/pdf/10.1007/s11357-021-00411-4.pdf
313,open_access/34238015,https://eprints.soton.ac.uk/449430/1/Gaastra_et_al_Stroke_2021_inc_supp.docx
314,open_access/34333217,nan
315,open_access/34307178,https://www.frontiersin.org/articles/10.3389/fonc.2021.709321/pdf
316,open_access/34622206,https://academic.oup.com/braincomms/advance-article-pdf/doi/10.1093/braincomms/fcab151/38886428/fcab151.pdf
317,open_access/34238846,nan
318,open_access/34356699,https://www.mdpi.com/2079-6374/11/7/228/pdf
319,open_access/34240232,nan
320,open_access/34268519,https://www.medrxiv.org/content/medrxiv/early/2021/07/08/2021.07.06.21260109.full.pdf
321,open_access/34236562,https://link.springer.com/content/pdf/10.1007/s10278-021-00471-0.pdf
322,open_access/35087903,nan
323,open_access/34345227,https://downloads.hindawi.com/journals/cmmi/2021/9915206.pdf
324,open_access/34257471,https://doi.org/10.1016/j.bbe.2021.06.011
325,open_access/34238951,https://www.nature.com/articles/s41598-021-93427-x.pdf
326,open_access/34237739,https://www.karger.com/Article/Pdf/517218
327,open_access/34300212,https://www.mdpi.com/2077-0383/10/14/3046/pdf
328,open_access/34238229,https://bmcmedimaging.biomedcentral.com/track/pdf/10.1186/s12880-021-00637-w
329,open_access/34236578,nan
330,open_access/34305777,https://www.frontiersin.org/articles/10.3389/fneur.2021.644278/pdf
331,open_access/34246469,nan
332,open_access/34240273,nan
333,open_access/34305931,https://www.frontiersin.org/articles/10.3389/fimmu.2021.695806/pdf
334,open_access/34142418,nan
335,open_access/34307153,https://www.frontiersin.org/articles/10.3389/fonc.2021.688182/pdf
336,open_access/34356136,https://www.mdpi.com/2076-3425/11/7/902/pdf
337,open_access/34238992,https://www.nature.com/articles/s41598-021-93658-y.pdf
338,open_access/34364492,nan
339,open_access/34238346,https://arthritis-research.biomedcentral.com/track/pdf/10.1186/s13075-021-02560-5
340,open_access/34238968,https://www.nature.com/articles/s41598-021-93592-z.pdf
341,open_access/34247136,https://doi.org/10.1016/j.tranon.2021.101157
342,open_access/34238246,https://bmcmedimaging.biomedcentral.com/track/pdf/10.1186/s12880-021-00636-x
343,open_access/34245873,http://www.oarsijournal.com/article/S1063458421008359/pdf
344,open_access/34233774,https://www.cambridge.org/core/services/aop-cambridge-core/content/view/E553B027CE96F5E6EC23458D0BA8CB26/S0924933821022203a.pdf/div-class-title-predicting-involuntary-hospitalisation-in-psychiatry-a-machine-learning-investigation-div.pdf
345,open_access/34235955,nan
346,open_access/34086596,https://medinform.jmir.org/2021/7/e29986/PDF
347,open_access/34236733,nan
348,open_access/34238923,https://www.nature.com/articles/s41398-021-01488-3.pdf
349,open_access/34232350,https://link.springer.com/content/pdf/10.1007/s00259-021-05473-2.pdf
350,open_access/34306589,https://downloads.hindawi.com/journals/jhe/2021/4894501.pdf
351,open_access/34513220,https://doi.org/10.1364/boe.426803
352,open_access/34232753,nan
353,open_access/34300409,https://www.mdpi.com/1424-8220/21/14/4669/pdf
354,open_access/34255728,https://www.researchprotocols.org/2021/7/e27532/PDF
355,open_access/34300399,https://www.mdpi.com/1424-8220/21/14/4661/pdf
356,open_access/34234179,https://www.nature.com/articles/s41598-021-93186-9.pdf
357,open_access/34300386,https://www.mdpi.com/1424-8220/21/14/4646/pdf
358,open_access/34558818,https://onlinelibrary.wiley.com/doi/pdfdirect/10.1002/hep4.1768
359,open_access/34245826,nan
360,open_access/34233616,https://bmcmedresmethodol.biomedcentral.com/track/pdf/10.1186/s12874-021-01331-9
361,open_access/34307286,https://www.frontiersin.org/articles/10.3389/fpubh.2021.694306/pdf
362,open_access/34234248,https://www.nature.com/articles/s41598-021-93390-7.pdf
363,open_access/34157173,https://onlinelibrary.wiley.com/doi/pdfdirect/10.1002/onco.13869
364,open_access/34246419,nan
365,open_access/34233555,https://doi.org/10.22541/au.159586055.54894822
366,open_access/34234186,https://www.nature.com/articles/s41598-021-93087-x.pdf
367,open_access/34232404,https://insightsimaging.springeropen.com/track/pdf/10.1186/s13244-021-01044-z
368,open_access/34229451,https://ora.ox.ac.uk/objects/uuid:f6f66a88-c28c-4d97-83a9-9e40882afc34/download_file?safe_filename=Zhang_et_al_2021_Toward_Replacing_Late.pdf&file_format=pdf&type_of_work=Journal+article
369,open_access/34305514,https://www.frontiersin.org/articles/10.3389/fnins.2021.652987/pdf
370,open_access/34307127,https://www.frontiersin.org/articles/10.3389/fonc.2021.646190/pdf
371,open_access/34242690,nan
372,open_access/34356134,https://www.mdpi.com/2076-3425/11/7/900/pdf
373,open_access/34061371,nan
374,open_access/34233526,https://journals.sagepub.com/doi/pdf/10.1177/15353702211018970
375,open_access/34274267,nan
376,open_access/34260974,nan
377,open_access/34307493,https://www.frontiersin.org/articles/10.3389/fcvm.2021.677574/pdf
378,open_access/34256257,nan
379,open_access/34305797,https://www.frontiersin.org/articles/10.3389/fneur.2021.691328/pdf
380,open_access/34245752,nan
381,open_access/34642504,https://doi.org/10.1016/j.patcog.2021.108135
382,open_access/34359308,https://www.mdpi.com/2075-4418/11/7/1225/pdf
383,open_access/34273674,nan
384,open_access/34249142,https://doi.org/10.1016/j.bspc.2021.102960
385,open_access/34248209,https://doi.org/10.1016/j.ijleo.2021.167572
386,open_access/34234154,https://www.nature.com/articles/s41598-021-92944-z.pdf
387,open_access/34245871,nan
388,open_access/34237382,https://www.ncbi.nlm.nih.gov/pmc/articles/PMC8528094
389,open_access/34298482,nan
390,open_access/34249170,https://link.springer.com/content/pdf/10.1007/s12652-021-03366-8.pdf
391,open_access/34307679,https://downloads.hindawi.com/journals/bmri/2021/9939134.pdf
392,open_access/34229736,https://arthritis-research.biomedcentral.com/track/pdf/10.1186/s13075-021-02567-y
393,open_access/34230524,https://www.nature.com/articles/s41598-021-93254-0.pdf
394,open_access/32735536,nan
395,open_access/34227014,nan
396,open_access/34295804,https://www.frontiersin.org/articles/10.3389/fonc.2021.613668/pdf
397,open_access/34300378,https://doi.org/10.3390/s21144638
398,open_access/34482951,nan
399,open_access/34228716,https://journals.plos.org/ploscompbiol/article/file?id=10.1371/journal.pcbi.1009053&type=printable
400,open_access/34227422,nan
401,open_access/32692687,nan
402,open_access/34230510,https://www.nature.com/articles/s41598-021-93126-7.pdf
403,open_access/34227882,nan
404,open_access/34295809,https://www.frontiersin.org/articles/10.3389/fonc.2021.661123/pdf
405,open_access/34295877,https://www.frontiersin.org/articles/10.3389/fbioe.2021.662749/pdf
406,open_access/34295805,https://www.frontiersin.org/articles/10.3389/fonc.2021.616740/pdf
407,open_access/34229733,https://jhoonline.biomedcentral.com/track/pdf/10.1186/s13045-021-01118-x
408,open_access/34045210,https://www.eneuro.org/content/eneuro/8/4/ENEURO.0475-20.2021.full.pdf
409,open_access/34227396,https://www.ahajournals.org/doi/pdf/10.1161/JAHA.120.020085
410,open_access/34401383,https://doi.org/10.1016/j.invent.2021.100424
411,open_access/34228341,nan
412,open_access/34238616,nan
413,open_access/34231066,nan
414,open_access/34255684,https://medinform.jmir.org/2021/7/e24796/PDF
415,open_access/34268010,https://doi.org/10.7717/peerj.11692
416,open_access/34262646,https://www.oncotarget.com/article/28002/pdf/
417,open_access/34242884,https://pure.rug.nl/ws/files/201703895/1_s2.0_S112017972100243X_main.pdf
418,open_access/34225554,nan
419,open_access/34248292,https://link.springer.com/content/pdf/10.1007/s00530-021-00826-1.pdf
420,open_access/34077564,nan
421,open_access/34224056,https://www.researchsquare.com/article/rs-217080/v1.pdf?c=1631888456000
422,open_access/34291042,https://www.frontiersin.org/articles/10.3389/fbioe.2021.698390/pdf
423,open_access/34225771,https://breast-cancer-research.biomedcentral.com/track/pdf/10.1186/s13058-021-01447-2
424,open_access/34223954,https://link.springer.com/content/pdf/10.1007/s00330-021-08049-8.pdf
425,open_access/34224083,nan
426,open_access/34008178,https://hal.archives-ouvertes.fr/hal-03246262/file/Masson%20et%20al-2021-Statistical%20harmonization%20can%20improve%20the%20development%20of%20a%20multicenter%20CT%20based.pdf
427,open_access/34359295,https://www.mdpi.com/2075-4418/11/7/1212/pdf
428,open_access/34219477,https://journals.sagepub.com/doi/pdf/10.1177/21925682211026910
429,open_access/34226990,https://link.springer.com/article/10.1007/s00330-021-08146-8
430,open_access/34237453,https://doi.org/10.1016/j.ymeth.2021.07.001
431,open_access/34290581,https://www.frontiersin.org/articles/10.3389/fnins.2021.682777/pdf
432,open_access/34285708,https://downloads.hindawi.com/journals/cmmm/2021/7252280.pdf
433,open_access/34381946,https://doi.org/10.1259/bjro.20200073
434,open_access/34290623,https://www.frontiersin.org/articles/10.3389/fphys.2021.699291/pdf
435,open_access/34224165,nan
436,open_access/34224051,http://arxiv.org/pdf/2107.07582
437,open_access/34283167,https://www.mdpi.com/1424-8220/21/13/4613/pdf
438,open_access/34050965,nan
439,open_access/34247131,nan
440,open_access/34290979,https://www.frontiersin.org/articles/10.3389/fonc.2021.661244/pdf
441,open_access/34357103,https://www.mdpi.com/2075-4426/11/7/636/pdf
442,open_access/34226589,https://www.nature.com/articles/s41598-021-93152-5.pdf
443,open_access/34262369,https://www.dovepress.com/getfile.php?fileID=71322
444,open_access/34327235,https://downloads.hindawi.com/journals/bmri/2021/6656773.pdf
445,open_access/34248447,https://doi.org/10.1016/j.asoc.2021.107669
446,open_access/34290619,https://www.frontiersin.org/articles/10.3389/fphys.2021.683025/pdf
447,open_access/34219322,nan
448,open_access/34218292,nan
449,open_access/34248288,https://link.springer.com/content/pdf/10.1007/s00521-021-06219-9.pdf
450,open_access/34233259,http://www.thelancet.com/article/S235239642100253X/pdf
451,open_access/34245995,https://doi.org/10.1016/j.nicl.2021.102744
452,open_access/34229277,http://www.thelancet.com/article/S2352396421002644/pdf
453,open_access/34306173,https://downloads.hindawi.com/journals/cmmm/2021/2485934.pdf
454,open_access/34218329,nan
455,open_access/34229061,nan
456,open_access/34216319,https://hal.archives-ouvertes.fr/hal-03225637v2/file/PassFlow_hal.pdf
457,open_access/34248242,https://link.springer.com/content/pdf/10.1007/s10479-021-04154-5.pdf
458,open_access/34358843,nan
459,open_access/34229276,http://www.thelancet.com/article/S2352396421002590/pdf
460,open_access/34229050,http://www.redjournal.org/article/S0360301621008257/pdf
461,open_access/34283105,https://www.mdpi.com/1424-8220/21/13/4570/pdf
462,open_access/34414353,https://www.karger.com/Article/Pdf/516619
463,open_access/34255697,https://medinform.jmir.org/2021/7/e27527/PDF
464,open_access/34215767,https://www.nature.com/articles/s41598-021-92848-y.pdf
465,open_access/34215761,https://www.nature.com/articles/s41598-021-93017-x.pdf
466,open_access/34213389,https://biblio.ugent.be/publication/8715125/file/8715126.pdf
467,open_access/34043525,https://www.researchprotocols.org/2021/7/e29631/PDF
468,open_access/34213081,https://onlinelibrary.wiley.com/doi/pdfdirect/10.1002/hbm.25575
469,open_access/34258599,https://doi.org/10.1016/j.xpro.2021.100639
470,open_access/34274690,https://doi.org/10.1016/j.media.2021.102138
471,open_access/34535256,nan
472,open_access/34380848,nan
473,open_access/34213666,nan
474,open_access/34306588,https://downloads.hindawi.com/journals/jhe/2021/4076175.pdf
475,open_access/34215839,https://www.nature.com/articles/s41598-021-93317-2.pdf
476,open_access/34412849,nan
477,open_access/34336171,https://downloads.hindawi.com/journals/jhe/2021/9917919.pdf
478,open_access/34218880,nan
479,open_access/34306595,https://downloads.hindawi.com/journals/jhe/2021/6284035.pdf
480,open_access/34213664,nan
481,open_access/34214101,https://journals.plos.org/plosone/article/file?id=10.1371/journal.pone.0252384&type=printable
482,open_access/34215760,https://www.nature.com/articles/s41598-021-93069-z.pdf
483,open_access/34396105,https://academic.oup.com/braincomms/advance-article-pdf/doi/10.1093/braincomms/fcab145/38853049/fcab145.pdf
484,open_access/34215836,https://www.nature.com/articles/s41746-021-00471-y.pdf
485,open_access/34217854,https://doi.org/10.1016/j.oret.2021.06.010
486,open_access/34276789,https://www.frontiersin.org/articles/10.3389/fgene.2021.689071/pdf
487,open_access/34815648,https://www.ncbi.nlm.nih.gov/pmc/articles/PMC8596215
488,open_access/34412848,http://arxiv.org/pdf/2106.13551
489,open_access/34215752,https://www.nature.com/articles/s41537-021-00162-3.pdf
490,open_access/34225568,nan
491,open_access/34215806,https://www.nature.com/articles/s41598-021-93162-3.pdf
492,open_access/34307917,http://phiro.science/article/S2405631621000348/pdf
493,open_access/34276406,https://www.frontiersin.org/articles/10.3389/fphys.2021.686507/pdf
494,open_access/34213529,nan
495,open_access/34277724,https://www.frontiersin.org/articles/10.3389/fcvm.2021.655252/pdf
496,open_access/34214980,nan
497,open_access/34214045,nan
498,open_access/34281037,https://www.mdpi.com/1660-4601/18/13/7105/pdf
499,open_access/34237678,nan
500,open_access/34276548,https://www.frontiersin.org/articles/10.3389/fneur.2021.699339/pdf
501,open_access/34232304,https://jamanetwork.com/journals/jamanetworkopen/articlepdf/2781685/yuan_2021_oi_210446_1624650074.34279.pdf
502,open_access/34212255,nan
503,open_access/34282759,https://www.mdpi.com/1424-8220/21/13/4519/pdf
504,open_access/34252683,nan
505,open_access/34306174,https://downloads.hindawi.com/journals/cmmm/2021/4244157.pdf
506,open_access/34211109,https://www.nature.com/articles/s41746-021-00474-9.pdf
507,open_access/34196802,nan
508,open_access/34282750,https://www.mdpi.com/2072-6694/13/13/3313/pdf
509,open_access/34276403,https://www.frontiersin.org/articles/10.3389/fphys.2021.682446/pdf
510,open_access/34276391,https://www.frontiersin.org/articles/10.3389/fphys.2021.644349/pdf
511,open_access/34277655,https://www.frontiersin.org/articles/10.3389/fmed.2021.662340/pdf
512,open_access/34313743,https://jamanetwork.com/journals/jamanetworkopen/articlepdf/2782419/sarton_2021_oi_210432_1626797325.80337.pdf
513,open_access/34604758,https://academic.oup.com/ehjdh/article-pdf/2/3/437/40482276/ztab058.pdf
514,open_access/34211077,https://www.nature.com/articles/s41598-021-93160-5.pdf
515,open_access/34217560,nan
516,open_access/34282757,https://www.mdpi.com/2072-6694/13/13/3308/pdf
517,open_access/34319027,http://journal.waocp.org/article_89671_96ebc66425f87c908ec83ce90b7a8b44.pdf
518,open_access/34246044,http://www.clinicalimaging.org/article/S0899707121002825/pdf
519,open_access/34265670,nan
520,open_access/34210209,nan
521,open_access/34197556,https://journals.plos.org/plosone/article/file?id=10.1371/journal.pone.0254134&type=printable
522,open_access/34219054,http://www.thelancet.com/article/S2589750021001060/pdf
523,open_access/34458648,http://www.advancesradonc.org/article/S2452109421001044/pdf
524,open_access/34211137,nan
525,open_access/34277415,https://www.frontiersin.org/articles/10.3389/fonc.2021.668694/pdf
526,open_access/34341636,https://doi.org/10.5021/ad.2021.33.4.345
527,open_access/34212526,https://onlinelibrary.wiley.com/doi/pdfdirect/10.1111/1754-9485.13278
528,open_access/34210320,https://bmcmedinformdecismak.biomedcentral.com/track/pdf/10.1186/s12911-021-01566-y
529,open_access/34211108,https://www.nature.com/articles/s41746-021-00477-6.pdf
530,open_access/34242868,https://doi.org/10.1016/j.compbiomed.2021.104622
531,open_access/34210317,https://bmcmedinformdecismak.biomedcentral.com/track/pdf/10.1186/s12911-021-01565-z
532,open_access/34283080,https://www.mdpi.com/1424-8220/21/13/4535/pdf
533,open_access/34311205,nan
534,open_access/34224403,https://doi.org/10.1097/cm9.0000000000001547
535,open_access/34255046,https://jamanetwork.com/journals/jamanetworkopen/articlepdf/2781923/bennett_2021_oi_210506_1625605077.56265.pdf
536,open_access/34306056,https://downloads.hindawi.com/journals/cin/2021/8387680.pdf
537,open_access/34430925,http://www.cell.com/article/S266638992100146X/pdf
538,open_access/33760732,nan
539,open_access/34226832,https://doi.org/10.1016/j.bspc.2021.102920
540,open_access/34193899,https://www.nature.com/articles/s41598-021-92747-2.pdf
541,open_access/33729928,https://ieeexplore.ieee.org/ielx7/42/9469008/09380553.pdf
542,open_access/34216803,nan
543,open_access/33710954,nan
544,open_access/34193166,https://translational-medicine.biomedcentral.com/track/pdf/10.1186/s12967-021-02955-7
545,open_access/34229143,nan
546,open_access/34247135,https://doi.org/10.1016/j.compbiomed.2021.104608
547,open_access/34191132,https://theultrasoundjournal.springeropen.com/track/pdf/10.1186/s13089-021-00234-6
548,open_access/34124830,https://onlinelibrary.wiley.com/doi/pdfdirect/10.1111/hepr.13681
549,open_access/34193140,https://bmcmedinformdecismak.biomedcentral.com/track/pdf/10.1186/s12911-021-01564-0
550,open_access/34247134,https://doi.org/10.1016/j.compbiomed.2021.104606
551,open_access/34191801,https://journals.plos.org/plosone/article/file?id=10.1371/journal.pone.0252025&type=printable
552,open_access/34308294,http://www.cell.com/article/S2589004221007720/pdf
553,open_access/33729932,http://arxiv.org/pdf/2009.10765
554,open_access/34216598,http://www.giejournal.org/article/S0016510721014681/pdf
555,open_access/34233251,nan
556,open_access/34246849,nan
557,open_access/34765242,nan
558,open_access/34209366,https://www.mdpi.com/2072-6694/13/13/3300/pdf
559,open_access/34189965,nan
560,open_access/34215511,nan
561,open_access/33720830,https://kar.kent.ac.uk/84603/11/2007.07788.pdf
562,open_access/34191590,nan
563,open_access/34237817,https://www.ceemjournal.org/upload/pdf/ceem-20-091.pdf
564,open_access/34447607,https://doi.org/10.4103/jpi.jpi_113_20
565,open_access/34617024,https://europepmc.org/articles/pmc8489463?pdf=render
566,open_access/34195852,nan
567,open_access/34191261,nan
568,open_access/34154489,nan
569,open_access/34209405,https://www.mdpi.com/1099-4300/23/7/847/pdf
570,open_access/33984841,nan
571,open_access/34188114,https://www.nature.com/articles/s41598-021-92865-x.pdf
572,open_access/34209948,https://www.mdpi.com/2075-4418/11/7/1183/pdf
573,open_access/34187409,https://bmccancer.biomedcentral.com/track/pdf/10.1186/s12885-021-08498-w
574,open_access/34268283,https://www.frontiersin.org/articles/10.3389/fpubh.2021.626331/pdf
575,open_access/34209538,https://www.mdpi.com/2075-4418/11/7/1177/pdf
576,open_access/34209487,https://www.mdpi.com/2073-4425/12/7/991/pdf
577,open_access/34512201,https://www.ncbi.nlm.nih.gov/pmc/articles/PMC8420477
578,open_access/33798078,https://ieeexplore.ieee.org/ielx7/58/9467673/09393931.pdf
579,open_access/34235105,https://www.dovepress.com/getfile.php?fileID=71099
580,open_access/34189612,nan
581,open_access/34116519,nan
582,open_access/34098532,https://iopscience.iop.org/article/10.1088/1361-6579/ac08e6/pdf
583,open_access/34229229,nan
584,open_access/34210068,https://www.mdpi.com/1424-8220/21/13/4469/pdf
585,open_access/34278022,http://www.cell.com/article/S2405844021015140/pdf
586,open_access/34188132,https://www.nature.com/articles/s41598-021-92997-0.pdf
587,open_access/34185798,https://journals.plos.org/plosone/article/file?id=10.1371/journal.pone.0253443&type=printable
588,open_access/34250917,nan
589,open_access/34189600,nan
590,open_access/34155697,nan
591,open_access/34187589,https://bmcbiomedeng.biomedcentral.com/track/pdf/10.1186/s42490-021-00056-6
592,open_access/34098533,nan
593,open_access/34263163,https://journals.sagepub.com/doi/pdf/10.1177/26317745211014698
594,open_access/34218182,nan
595,open_access/34260971,https://hal.archives-ouvertes.fr/hal-03329645/file/Abbas%20et%20al.%20-%202021%20-%20D-SORM%20A%20Digital%20Solution%20for%20Remote%20Monitoring%20B.pdf
596,open_access/34210048,https://www.mdpi.com/2072-6694/13/13/3271/pdf
597,open_access/34260973,nan
598,open_access/34197924,http://www.jmdjournal.org/article/S1525157821001720/pdf
599,open_access/34267628,https://www.frontiersin.org/articles/10.3389/fncel.2021.701673/pdf
600,open_access/34268489,https://www.frontiersin.org/articles/10.3389/frai.2021.694875/pdf
601,open_access/34185166,nan
602,open_access/34185253,http://arxiv.org/pdf/2106.08174
603,open_access/34188141,https://www.nature.com/articles/s41598-021-92952-z.pdf
604,open_access/34188146,https://www.nature.com/articles/s41598-021-93002-4.pdf
605,open_access/34184181,nan
606,open_access/34261009,https://doi.org/10.1016/j.media.2021.102144
607,open_access/34307860,https://doi.org/10.7717/peerj-cs.607
608,open_access/34185395,https://onlinelibrary.wiley.com/doi/pdfdirect/10.1049/syb2.12031
609,open_access/34188039,https://www.nature.com/articles/s41467-021-24077-w.pdf
610,open_access/34209759,https://www.mdpi.com/2077-0383/10/13/2901/pdf
611,open_access/34142425,nan
612,open_access/34307899,https://doi.org/10.20900/jpbs.20210011
613,open_access/34185794,https://journals.plos.org/plosone/article/file?id=10.1371/journal.pone.0252289&type=printable
614,open_access/34209844,https://www.mdpi.com/2075-4418/11/7/1182/pdf
615,open_access/34185211,nan
616,open_access/34187845,nan
617,open_access/34476052,https://pubs.rsc.org/en/content/articlepdf/2021/sc/d1sc02237g
618,open_access/34187534,https://thyroidresearchjournal.biomedcentral.com/track/pdf/10.1186/s13044-021-00107-z
619,open_access/34308091,https://academic.oup.com/jes/article-pdf/5/9/bvab120/41090616/bvab120.pdf
620,open_access/34181872,nan
621,open_access/34215564,http://www.thelancet.com/article/S2589750021000844/pdf
622,open_access/34188098,https://www.nature.com/articles/s41598-021-92799-4.pdf
623,open_access/32764197,nan
624,open_access/34303948,nan
625,open_access/34190641,nan
626,open_access/34061380,nan
627,open_access/34257851,https://downloads.hindawi.com/journals/jhe/2021/4109102.pdf
628,open_access/34203329,https://www.mdpi.com/1424-8220/21/13/4422/pdf
629,open_access/34316227,https://doi.org/10.4103/jhrs.jhrs_26_21
630,open_access/34181640,https://journals.plos.org/plosone/article/file?id=10.1371/journal.pone.0245026&type=printable
631,open_access/34262570,https://doi.org/10.3389/fimmu.2021.700782
632,open_access/34457429,https://doi.org/10.1364/boe.432654
633,open_access/34183038,https://biomedical-engineering-online.biomedcentral.com/track/pdf/10.1186/s12938-021-00899-z
634,open_access/34234550,https://www.dovepress.com/getfile.php?fileID=71021
635,open_access/34262951,https://www.frontiersin.org/articles/10.3389/fcvm.2021.654515/pdf
636,open_access/34262565,https://www.frontiersin.org/articles/10.3389/fimmu.2021.685992/pdf
637,open_access/34210562,nan
638,open_access/34183748,https://www.nature.com/articles/s41598-021-92805-9.pdf
639,open_access/34184390,https://onlinelibrary.wiley.com/doi/pdfdirect/10.1002/acm2.13327
640,open_access/34028053,https://onlinelibrary.wiley.com/doi/pdfdirect/10.1002/mp.14987
641,open_access/34203428,https://www.mdpi.com/2075-4418/11/7/1174/pdf
642,open_access/34197776,http://ajp.amjpathol.org/article/S0002944021002960/pdf
643,open_access/34262515,https://www.frontiersin.org/articles/10.3389/fpsyg.2021.705528/pdf
644,open_access/34183684,https://www.nature.com/articles/s41598-021-92458-8.pdf
645,open_access/34183072,https://cardiooncologyjournal.biomedcentral.com/track/pdf/10.1186/s40959-021-00111-0
646,open_access/34181661,https://journals.plos.org/plosone/article/file?id=10.1371/journal.pone.0253023&type=printable
647,open_access/34219975,https://link.springer.com/content/pdf/10.1007/s00138-021-01224-3.pdf
648,open_access/34181680,https://journals.plos.org/plosone/article/file?id=10.1371/journal.pone.0251701&type=printable
649,open_access/34262482,https://www.frontiersin.org/articles/10.3389/fphys.2021.694945/pdf
650,open_access/34220289,https://link.springer.com/content/pdf/10.1007/s11042-021-11158-7.pdf
651,open_access/34262590,https://www.frontiersin.org/articles/10.3389/fgene.2021.627964/pdf
652,open_access/34180025,https://icm-experimental.springeropen.com/track/pdf/10.1186/s40635-021-00397-5
653,open_access/34180737,nan
654,open_access/34182974,https://bmcmedinformdecismak.biomedcentral.com/track/pdf/10.1186/s12911-021-01562-2
655,open_access/34183009,https://respiratory-research.biomedcentral.com/track/pdf/10.1186/s12931-021-01780-2
656,open_access/34262953,https://www.frontiersin.org/articles/10.3389/fcvm.2021.663509/pdf
657,open_access/34291058,https://www.frontiersin.org/articles/10.3389/fmed.2021.664966/pdf
658,open_access/34176352,nan
659,open_access/34180091,nan
660,open_access/34186111,nan
661,open_access/34199068,https://www.mdpi.com/1424-8220/21/13/4400/pdf
662,open_access/34199084,https://www.mdpi.com/1424-8220/21/13/4406/pdf
663,open_access/34306999,https://doi.org/10.1016/j.pmedr.2021.101475
664,open_access/34260970,nan
665,open_access/34199109,https://www.mdpi.com/2075-4426/11/7/609/pdf
666,open_access/34237493,nan
667,open_access/34192650,https://doi.org/10.1016/j.tranon.2021.101161
668,open_access/34175943,https://www.researchsquare.com/article/rs-60573/latest.pdf
669,open_access/33973341,https://onlinelibrary.wiley.com/doi/pdfdirect/10.1111/ocr.12493
670,open_access/34176470,https://bmccancer.biomedcentral.com/track/pdf/10.1186/s12885-021-08438-8
671,open_access/34187741,http://www.academicradiology.org/article/S1076633221002658/pdf
672,open_access/34206782,https://www.mdpi.com/1424-8220/21/13/4383/pdf
673,open_access/34225095,nan
674,open_access/34220290,https://link.springer.com/content/pdf/10.1007/s10878-021-00761-x.pdf
675,open_access/34176867,https://www.jstage.jst.go.jp/article/circj/advpub/0/advpub_CJ-21-0265/_pdf
676,open_access/34206714,https://www.mdpi.com/1424-8220/21/13/4372/pdf
677,open_access/34186489,http://www.thelancet.com/article/S2352396421002371/pdf
678,open_access/34286271,https://academic.oup.com/braincomms/advance-article-pdf/doi/10.1093/braincomms/fcab140/38829219/fcab140.pdf
679,open_access/34176395,nan
680,open_access/34206941,https://www.mdpi.com/1099-4300/23/7/816/pdf
681,open_access/34251311,nan
682,open_access/34182269,nan
683,open_access/34206962,https://www.mdpi.com/1099-4300/23/7/817/pdf
684,open_access/34246159,nan
685,open_access/34258269,https://downloads.hindawi.com/journals/bmri/2021/5597222.pdf
686,open_access/34257703,https://downloads.hindawi.com/journals/cmmm/2021/9987067.pdf
687,open_access/34274598,nan
688,open_access/34191925,https://doi.org/10.1016/j.asoc.2021.107645
689,open_access/34170197,nan
690,open_access/34183292,nan
691,open_access/34350053,nan
692,open_access/34201964,https://www.mdpi.com/2075-4418/11/7/1159/pdf
693,open_access/34248903,https://www.frontiersin.org/articles/10.3389/fmicb.2021.683685/pdf
694,open_access/34170979,https://journals.plos.org/plosone/article/file?id=10.1371/journal.pone.0253094&type=printable
695,open_access/34182027,nan
696,open_access/34214846,nan
697,open_access/34173051,https://link.springer.com/content/pdf/10.1007/s00784-021-04040-1.pdf
698,open_access/35127971,https://meridian.allenpress.com/theijpt/article-pdf/doi/10.14338/IJPT-20-00099.1/2852395/10.14338_ijpt-20-00099.1.pdf
699,open_access/34170365,nan
700,open_access/34296003,http://www.cell.com/article/S240584402101522X/pdf
701,open_access/34249691,https://www.frontiersin.org/articles/10.3389/fonc.2021.654413/pdf
702,open_access/34170367,nan
703,open_access/34173008,https://link.springer.com/content/pdf/10.1007/s00259-021-05427-8.pdf
704,open_access/34170480,nan
705,open_access/34180436,nan
706,open_access/34254039,https://www.frontiersin.org/articles/10.3389/fonc.2021.656127/pdf
707,open_access/34201991,https://www.mdpi.com/1424-8220/21/13/4342/pdf
708,open_access/34180439,nan
709,open_access/34235453,https://doi.org/10.1097/cce.0000000000000453
710,open_access/34248599,https://www.frontiersin.org/articles/10.3389/fnagi.2021.657937/pdf
711,open_access/34175642,nan
712,open_access/34172784,https://www.nature.com/articles/s41598-021-92725-8.pdf
713,open_access/34249702,https://www.frontiersin.org/articles/10.3389/fonc.2021.665929/pdf
714,open_access/34198133,https://doi.org/10.1016/j.drugalcdep.2021.108850
715,open_access/34202607,https://www.ncbi.nlm.nih.gov/pmc/articles/PMC8303557
716,open_access/34164743,https://eurradiolexp.springeropen.com/track/pdf/10.1186/s41747-021-00225-1
717,open_access/34171311,nan
718,open_access/34168198,https://www.nature.com/articles/s41598-021-92475-7.pdf
719,open_access/34162027,nan
720,open_access/34174331,nan
721,open_access/33334933,https://doi.org/10.1183/13993003.02591-2020
722,open_access/34225209,https://doi.org/10.1016/j.jad.2021.06.029
723,open_access/34538962,https://onlinelibrary.wiley.com/doi/pdfdirect/10.1002/spe.3011
724,open_access/34188605,https://link.springer.com/content/pdf/10.1007/s11042-021-11153-y.pdf
725,open_access/34249819,https://www.frontiersin.org/articles/10.3389/fped.2021.693676/pdf
726,open_access/34189026,https://doi.org/10.1016/j.rinp.2021.104483
727,open_access/34202805,https://www.mdpi.com/1424-8220/21/13/4331/pdf
728,open_access/34216880,nan
729,open_access/34252866,nan
730,open_access/34202750,https://www.mdpi.com/2075-4426/11/7/597/pdf
731,open_access/34704024,https://academic.oup.com/braincomms/advance-article-pdf/doi/10.1093/braincomms/fcab134/38821020/fcab134.pdf
732,open_access/34129501,https://ieeexplore.ieee.org/ielx7/7333/9363468/09455409.pdf
733,open_access/34174347,nan
734,open_access/34218172,nan
735,open_access/34250463,https://www.frontiersin.org/articles/10.3389/frai.2021.561528/pdf
736,open_access/34248531,https://www.frontiersin.org/articles/10.3389/fninf.2021.635657/pdf
737,open_access/34218170,nan
738,open_access/34246974,https://doi.org/10.1016/j.jpsychires.2021.06.044
739,open_access/35309968,https://www.ncbi.nlm.nih.gov/pmc/articles/PMC8932958
740,open_access/34250491,https://www.ncbi.nlm.nih.gov/pmc/articles/PMC8259662
741,open_access/34225240,https://doi.org/10.1016/j.gaitpost.2021.06.017
742,open_access/34188610,https://doi.org/10.1016/j.asoc.2021.107643
743,open_access/33501466,https://www.medrxiv.org/content/medrxiv/early/2021/06/24/2020.11.23.20235945.full.pdf
744,open_access/34168074,https://www.life-science-alliance.org/content/lsa/4/8/e202000946.full.pdf
745,open_access/34166426,https://journals.plos.org/plosone/article/file?id=10.1371/journal.pone.0253125&type=printable
746,open_access/34532712,https://ieeexplore.ieee.org/ielx7/8782705/8937520/09464711.pdf
747,open_access/33570776,https://onlinelibrary.wiley.com/doi/pdfdirect/10.1002/hep.31750
748,open_access/34184991,https://www.jmir.org/2021/6/e27218/PDF
749,open_access/34168201,https://www.nature.com/articles/s41598-021-92442-2.pdf
750,open_access/34514205,http://www.kireports.org/article/S2468024921012341/pdf
751,open_access/34176681,http://www.annalsofoncology.org/article/S0923753421020469/pdf
752,open_access/34166200,nan
753,open_access/34169434,nan
754,open_access/34165378,https://www.tandfonline.com/doi/pdf/10.1080/21645515.2021.1940651?needAccess=true
755,open_access/34457424,https://doi.org/10.1364/boe.431356
756,open_access/34162217,nan
757,open_access/34184998,https://www.jmir.org/2021/6/e27344/PDF
758,open_access/33840132,nan
759,open_access/34166082,nan
760,open_access/34252700,nan
761,open_access/34162586,nan
762,open_access/34201775,https://www.mdpi.com/2076-3425/11/7/832/pdf
763,open_access/34159761,nan
764,open_access/34161326,https://journals.plos.org/ploscompbiol/article/file?id=10.1371/journal.pcbi.1009121&type=printable
765,open_access/34249893,https://www.frontiersin.org/articles/10.3389/fbioe.2021.703048/pdf
766,open_access/34161092,nan
767,open_access/34163003,nan
768,open_access/34248481,https://www.frontiersin.org/articles/10.3389/fnins.2021.667907/pdf
769,open_access/34249741,https://www.frontiersin.org/articles/10.3389/fonc.2021.692329/pdf
770,open_access/34162980,https://www.nature.com/articles/s41698-021-00191-2.pdf
771,open_access/34178095,https://doi.org/10.1016/j.bspc.2021.102901
772,open_access/34201861,https://www.mdpi.com/1424-8220/21/13/4302/pdf
773,open_access/34162439,https://cancerimagingjournal.biomedcentral.com/track/pdf/10.1186/s40644-021-00413-7
774,open_access/34229190,https://doi.org/10.1016/j.media.2021.102145
775,open_access/34159697,https://onlinelibrary.wiley.com/doi/pdfdirect/10.1002/acm2.13320
776,open_access/34172377,nan
777,open_access/34275574,nan
778,open_access/34107460,https://www.ncbi.nlm.nih.gov/pmc/articles/PMC8406431
779,open_access/34157399,nan
780,open_access/34162646,https://bmjopen.bmj.com/content/bmjopen/11/6/e046265.full.pdf
781,open_access/34160114,nan
782,open_access/34617021,https://europepmc.org/articles/pmc8489444?pdf=render
783,open_access/34249680,https://www.frontiersin.org/articles/10.3389/fonc.2021.632104/pdf
784,open_access/34247133,https://doi.org/10.1016/j.compbiomed.2021.104596
785,open_access/34276295,https://www.frontiersin.org/articles/10.3389/fnins.2021.690044/pdf
786,open_access/34188576,https://www.dovepress.com/getfile.php?fileID=70878
787,open_access/34201839,https://www.mdpi.com/2075-4418/11/7/1147/pdf
788,open_access/34162410,https://ro-journal.biomedcentral.com/track/pdf/10.1186/s13014-021-01837-y
789,open_access/34159824,nan
790,open_access/34250465,https://www.frontiersin.org/articles/10.3389/frai.2021.673527/pdf
791,open_access/34239440,https://www.frontiersin.org/articles/10.3389/fphar.2021.665951/pdf
792,open_access/34156553,nan
793,open_access/34156910,nan
794,open_access/34156608,https://link.springer.com/content/pdf/10.1007/s11548-021-02430-0.pdf
795,open_access/34206288,https://www.ncbi.nlm.nih.gov/pmc/articles/PMC8269306
796,open_access/34155883,https://pubs.acs.org/doi/pdf/10.1021/acs.analchem.1c01061
797,open_access/34154682,https://www.cambridge.org/core/services/aop-cambridge-core/content/view/232833305EB04A11F670717D7A7E59B1/S0033291721002294a.pdf/div-class-title-world-trade-center-responders-in-their-own-words-predicting-ptsd-symptom-trajectories-with-ai-based-language-analyses-of-interviews-div.pdf
798,open_access/34157138,https://onlinelibrary.wiley.com/doi/pdfdirect/10.1002/mp.14827
799,open_access/34158089,https://arthritis-research.biomedcentral.com/track/pdf/10.1186/s13075-021-02553-4
800,open_access/34157030,https://journals.plos.org/plosone/article/file?id=10.1371/journal.pone.0253585&type=printable
801,open_access/34158384,https://n.neurology.org/content/neurology/97/9/e941.full.pdf
802,open_access/33735451,nan
803,open_access/34158545,https://www.nature.com/articles/s41598-021-92418-2.pdf
804,open_access/34182330,https://doi.org/10.1016/j.compbiomed.2021.104588
805,open_access/34156513,nan
806,open_access/34386119,https://onlinelibrary.wiley.com/doi/pdfdirect/10.1002/joa3.12555
807,open_access/34206336,https://duepublico2.uni-due.de/servlets/MCRFileNodeServlet/duepublico_derivate_00074491/cancers_13-03108_Kleesiek_et_al.pdf
808,open_access/34158070,https://biomedical-engineering-online.biomedcentral.com/track/pdf/10.1186/s12938-021-00898-0
809,open_access/34206549,https://www.ncbi.nlm.nih.gov/pmc/articles/PMC8307588
810,open_access/34158001,https://bmcmedimaging.biomedcentral.com/track/pdf/10.1186/s12880-021-00634-z
811,open_access/34158562,https://www.nature.com/articles/s41598-021-92523-2.pdf
812,open_access/34089228,https://onlinelibrary.wiley.com/doi/pdfdirect/10.1002/cyto.a.24467
813,open_access/34156354,https://iopscience.iop.org/article/10.1088/1361-6560/abfff0/pdf
814,open_access/34158099,https://trialsjournal.biomedcentral.com/track/pdf/10.1186/s13063-021-05241-5
815,open_access/34159496,nan
816,open_access/34179828,https://link.springer.com/content/pdf/10.1007/s42979-021-00731-4.pdf
817,open_access/34239427,https://www.frontiersin.org/articles/10.3389/fnhum.2021.656578/pdf
818,open_access/34156939,nan
819,open_access/34229144,https://doi.org/10.1016/j.compbiomed.2021.104585
820,open_access/34206321,https://www.ncbi.nlm.nih.gov/pmc/articles/PMC8268628
821,open_access/34156727,https://onlinelibrary.wiley.com/doi/pdfdirect/10.1002/mp.14774
822,open_access/34206540,https://www.mdpi.com/1424-8220/21/13/4269/pdf
823,open_access/34179218,http://repository.uwl.ac.uk/id/eprint/8041/1/Echo_View_Classification_SPIE.pdf
824,open_access/34166883,nan
825,open_access/34257699,https://doi.org/10.1155/2021/5545297
826,open_access/34047490,https://onlinelibrary.wiley.com/doi/pdfdirect/10.1002/jbio.202100078
827,open_access/34087807,nan
828,open_access/34153069,https://journals.plos.org/plosone/article/file?id=10.1371/journal.pone.0252657&type=printable
829,open_access/34151931,https://academic.oup.com/ehjcimaging/advance-article-pdf/doi/10.1093/ehjci/jeab101/38711927/jeab101.pdf
830,open_access/34205786,https://www.mdpi.com/2072-6694/13/12/3098/pdf
831,open_access/34153076,https://journals.plos.org/plosone/article/file?id=10.1371/journal.pone.0253239&type=printable
832,open_access/34148365,nan
833,open_access/34235168,https://www.frontiersin.org/articles/10.3389/fnut.2021.669155/pdf
834,open_access/35233374,https://doi.org/10.14218/jcth.2021.00023
835,open_access/34148560,https://bmcmedinformdecismak.biomedcentral.com/track/pdf/10.1186/s12911-021-01558-y
836,open_access/34234664,https://www.frontiersin.org/articles/10.3389/fncom.2021.674028/pdf
837,open_access/34166717,nan
838,open_access/34235131,https://www.frontiersin.org/articles/10.3389/fpubh.2021.675766/pdf
839,open_access/34234636,https://www.frontiersin.org/articles/10.3389/fnins.2021.596616/pdf
840,open_access/34152567,https://link.springer.com/content/pdf/10.1007/s11548-021-02431-z.pdf
841,open_access/34205807,https://www.mdpi.com/2076-3921/10/6/991/pdf
842,open_access/34205745,https://www.mdpi.com/2306-5354/8/6/85/pdf
843,open_access/34104876,nan
844,open_access/34152557,nan
845,open_access/34205631,https://www.mdpi.com/2072-6694/13/12/3088/pdf
846,open_access/34087010,nan
847,open_access/34152732,nan
848,open_access/34003139,nan
849,open_access/34185675,https://aacrjournals.org/cancerres/article-pdf/81/18/4849/3087205/4849.pdf
850,open_access/34154541,https://bmcmedresmethodol.biomedcentral.com/track/pdf/10.1186/s12874-021-01319-5
851,open_access/34153101,nan
852,open_access/34152274,https://www.jmir.org/2021/6/e26139/PDF
853,open_access/34157487,http://www.thelancet.com/article/S2352396421002358/pdf
854,open_access/34151725,nan
855,open_access/34148298,nan
856,open_access/34161886,http://www.thelancet.com/article/S2352396421001158/pdf
857,open_access/34013585,https://onlinelibrary.wiley.com/doi/pdfdirect/10.1002/1878-0261.13014
858,open_access/34050968,nan
859,open_access/34157507,nan
860,open_access/34161860,https://doi.org/10.1016/j.ejmg.2021.104267
861,open_access/34203093,https://www.mdpi.com/2075-4418/11/6/1127/pdf
862,open_access/34151535,https://onlinelibrary.wiley.com/doi/pdfdirect/10.1002/jcsm.12733
863,open_access/34111978,nan
864,open_access/34246158,nan
865,open_access/34205259,https://www.mdpi.com/1099-4300/23/6/777/pdf
866,open_access/34250095,https://downloads.hindawi.com/journals/bmri/2021/9995073.pdf
867,open_access/34205398,https://www.mdpi.com/2072-6694/13/12/3064/pdf
868,open_access/34154875,nan
869,open_access/34157280,nan
870,open_access/34148136,nan
871,open_access/34145728,nan
872,open_access/34205472,https://www.mdpi.com/1424-8220/21/12/4216/pdf
873,open_access/34157276,http://arxiv.org/pdf/2012.09755
874,open_access/34147076,https://bmcnephrol.biomedcentral.com/track/pdf/10.1186/s12882-021-02421-y
875,open_access/34239550,https://downloads.hindawi.com/journals/cin/2021/5863496.pdf
876,open_access/34153436,nan
877,open_access/34143569,nan
878,open_access/34207437,https://www.mdpi.com/1424-8220/21/12/4202/pdf
879,open_access/34147594,nan
880,open_access/34207049,https://www.mdpi.com/2077-0383/10/12/2681/pdf
881,open_access/34239548,https://downloads.hindawi.com/journals/cin/2021/3604900.pdf
882,open_access/34222252,https://www.frontiersin.org/articles/10.3389/fcell.2021.684522/pdf
883,open_access/34145555,nan
884,open_access/34262443,https://www.frontiersin.org/articles/10.3389/fninf.2021.641600/pdf
885,open_access/34217980,nan
886,open_access/34207169,https://www.mdpi.com/2076-3425/11/6/809/pdf
887,open_access/34147597,nan
888,open_access/34171743,nan
889,open_access/34218121,nan
890,open_access/34207448,https://www.mdpi.com/1424-8220/21/12/4204/pdf
891,open_access/34145294,https://www.nature.com/articles/s41467-021-24116-6.pdf
892,open_access/34143415,https://link.springer.com/content/pdf/10.1007/s13300-021-01096-w.pdf
893,open_access/34143307,nan
894,open_access/34207419,https://www.mdpi.com/2075-4426/11/6/574/pdf
895,open_access/34355170,https://academic.oup.com/noa/advance-article-pdf/doi/10.1093/noajnl/vdab077/38695988/vdab077.pdf
896,open_access/34147591,https://doi.org/10.1101/2021.03.04.433975
897,open_access/34147598,nan
898,open_access/34207196,https://www.mdpi.com/1424-8220/21/12/4187/pdf
899,open_access/34145358,https://www.nature.com/articles/s41598-021-92362-1.pdf
900,open_access/34207262,https://www.mdpi.com/2075-1729/11/6/582/pdf
901,open_access/34164119,https://link.springer.com/content/pdf/10.1007/s13755-021-00152-w.pdf
902,open_access/34145330,https://www.nature.com/articles/s41598-021-92287-9.pdf
903,open_access/34239598,https://downloads.hindawi.com/journals/cmmm/2021/5527698.pdf
904,open_access/34207414,https://www.mdpi.com/2072-6694/13/12/3050/pdf
905,open_access/34217922,nan
906,open_access/34153412,nan
907,open_access/34145374,https://www.nature.com/articles/s41698-021-00195-y.pdf
908,open_access/34220671,https://www.frontiersin.org/articles/10.3389/fneur.2021.652757/pdf
909,open_access/34220416,https://www.frontiersin.org/articles/10.3389/fnins.2021.645998/pdf
910,open_access/34220487,https://www.frontiersin.org/articles/10.3389/fnagi.2021.687456/pdf
911,open_access/34207145,https://www.mdpi.com/1424-8220/21/12/4182/pdf
912,open_access/34195580,http://www.thelancet.com/article/S2589537021002443/pdf
913,open_access/34143775,https://journals.plos.org/plosone/article/file?id=10.1371/journal.pone.0244469&type=printable
914,open_access/34145556,nan
915,open_access/34143814,https://journals.plos.org/plosone/article/file?id=10.1371/journal.pone.0252873&type=printable
916,open_access/34137512,https://onlinelibrary.wiley.com/doi/pdfdirect/10.1002/jcsm.12731
917,open_access/33857923,nan
918,open_access/32894704,nan
919,open_access/34142316,nan
920,open_access/33400644,nan
921,open_access/34145771,https://doi.org/10.1002/jcsm.12747
922,open_access/34136948,nan
923,open_access/33878743,https://doi.org/10.1088/1361-6579/abf9f3
924,open_access/34138403,nan
925,open_access/34222622,http://www.thieme-connect.de/products/ejournals/pdf/10.1055/a-1475-3624.pdf
926,open_access/33827067,http://arxiv.org/pdf/2012.05492
927,open_access/34106857,https://ieeexplore.ieee.org/ielx7/7333/9363468/09449845.pdf
928,open_access/34214940,nan
929,open_access/34188785,https://doi.org/10.1016/j.csbj.2021.06.022
930,open_access/34222026,https://www.frontiersin.org/articles/10.3389/fonc.2021.703033/pdf
931,open_access/34140592,https://www.nature.com/articles/s41598-021-92146-7.pdf
932,open_access/34204575,https://www.mdpi.com/1424-8220/21/12/4173/pdf
933,open_access/34182331,https://doi.org/10.1016/j.compbiomed.2021.104572
934,open_access/34147593,nan
935,open_access/34204238,https://www.mdpi.com/1424-8220/21/12/4149/pdf
936,open_access/34221979,https://www.frontiersin.org/articles/10.3389/fonc.2021.664346/pdf
937,open_access/34138650,https://doi.org/10.1152/japplphysiol.00150.2021
938,open_access/33044925,http://arxiv.org/pdf/2010.03872
939,open_access/34204225,https://www.mdpi.com/1099-4300/23/6/763/pdf
940,open_access/34140702,https://www.nature.com/articles/s41591-021-01384-9.pdf
941,open_access/33984844,http://arxiv.org/pdf/1812.05259
942,open_access/34044374,https://strathprints.strath.ac.uk/76607/7/Huggins_etal_JNE_2021_Deep_learning_of_resting_state_electroencephalogram_signals_for_3_class_classification.pdf
943,open_access/34138925,https://journals.plos.org/plosone/article/file?id=10.1371/journal.pone.0253172&type=printable
944,open_access/34140578,https://www.nature.com/articles/s41598-021-92172-5.pdf
945,open_access/34177126,https://link.springer.com/content/pdf/10.1007/s00521-021-06164-7.pdf
946,open_access/33972243,https://www.ncbi.nlm.nih.gov/pmc/articles/PMC8218615
947,open_access/34146718,nan
948,open_access/34220426,https://www.frontiersin.org/articles/10.3389/fnins.2021.665578/pdf
949,open_access/34235441,https://www.ncbi.nlm.nih.gov/pmc/articles/PMC8250412
950,open_access/34220480,https://www.frontiersin.org/articles/10.3389/fnbot.2021.690220/pdf
951,open_access/34171639,https://doi.org/10.1016/j.compbiomed.2021.104578
952,open_access/34204479,https://www.mdpi.com/2075-4418/11/6/1104/pdf
953,open_access/34155434,https://link.springer.com/content/pdf/10.1007/s11042-021-10907-y.pdf
954,open_access/34138852,https://journals.plos.org/plosone/article/file?id=10.1371/journal.pone.0250964&type=printable
955,open_access/34168500,https://www.dovepress.com/getfile.php?fileID=70680
956,open_access/32946380,nan
957,open_access/34134648,https://bmcemergmed.biomedcentral.com/track/pdf/10.1186/s12873-021-00466-8
958,open_access/34181182,nan
959,open_access/34132651,nan
960,open_access/34220543,https://www.frontiersin.org/articles/10.3389/fphys.2021.678558/pdf
961,open_access/34150313,https://royalsocietypublishing.org/doi/pdf/10.1098/rsos.202264
962,open_access/34147456,https://doi.org/10.1016/j.jcmg.2021.05.005
963,open_access/34132454,https://onlinelibrary.wiley.com/doi/pdfdirect/10.1111/jcmm.16671
964,open_access/34134641,https://bmcpediatr.biomedcentral.com/track/pdf/10.1186/s12887-021-02744-7
965,open_access/34132926,nan
966,open_access/34277282,https://www.cureus.com/articles/61998-easily-created-prediction-model-using-automated-artificial-intelligence-framework-prediction-one-sony-network-communications-inc-tokyo-japan-for-subarachnoid-hemorrhage-outcomes-treated-by-coiling-and-delayed-cerebral-ischemia.pdf
967,open_access/34208548,https://www.mdpi.com/1424-8220/21/12/4126/pdf
968,open_access/34097761,nan
969,open_access/34137113,https://onlinelibrary.wiley.com/doi/pdfdirect/10.1002/jmri.27776
970,open_access/34133246,nan
971,open_access/34505063,https://ieeexplore.ieee.org/ielx7/8782705/9299466/09457060.pdf
972,open_access/34131804,https://www.researchsquare.com/article/rs-443234/latest.pdf
973,open_access/34208690,https://www.mdpi.com/1424-8220/21/12/4133/pdf
974,open_access/34155483,https://link.springer.com/content/pdf/10.1007/s41870-021-00663-5.pdf
975,open_access/34134623,https://bmcbioinformatics.biomedcentral.com/track/pdf/10.1186/s12859-021-04261-x
976,open_access/34208524,https://www.mdpi.com/2079-6374/11/6/198/pdf
977,open_access/34222368,https://www.frontiersin.org/articles/10.3389/fcvm.2021.670502/pdf
978,open_access/34135377,https://www.nature.com/articles/s41598-021-92014-4.pdf
979,open_access/34131803,https://link.springer.com/content/pdf/10.1007/s00259-021-05432-x.pdf
980,open_access/34134988,https://www.science.org/doi/pdf/10.1126/sciadv.abf5695?download=true
981,open_access/34286301,http://www.cell.com/article/S2666389921001197/pdf
982,open_access/34237661,nan
983,open_access/34149118,https://doi.org/10.1016/j.comcom.2021.06.011
984,open_access/34132994,nan
985,open_access/34135404,https://www.nature.com/articles/s41598-021-92160-9.pdf
986,open_access/34132495,https://onlinelibrary.wiley.com/doi/pdfdirect/10.1002/cam4.4042
987,open_access/34130689,https://bmcmedicine.biomedcentral.com/track/pdf/10.1186/s12916-021-02014-4
988,open_access/34147443,nan
989,open_access/34221184,https://downloads.hindawi.com/journals/dm/2021/1373362.pdf
990,open_access/34147442,https://doi.org/10.1016/j.jcmg.2021.04.018
991,open_access/34135418,https://www.nature.com/articles/s41598-021-92155-6.pdf
992,open_access/34126762,https://www.ahajournals.org/doi/pdf/10.1161/CIRCIMAGING.120.012281
993,open_access/34131163,https://www.nature.com/articles/s41598-021-91736-9.pdf
994,open_access/34131323,nan
995,open_access/34131266,https://www.nature.com/articles/s41598-021-92121-2.pdf
996,open_access/34144485,http://www.thelancet.com/article/S2352396421002267/pdf
997,open_access/34195686,http://www.cell.com/article/S266637912100166X/pdf
998,open_access/34170840,nan
999,open_access/34131321,https://ora.ox.ac.uk/objects/uuid:0c0e5fe7-872f-48f0-b7b0-cdf526940036/download_file?safe_filename=Zhang_et_al_2021_deep_learning_models.pdf&file_format=pdf&type_of_work=Journal+article
